AccountId,TransactionAmount,TransactionCurrency,CreditDebitIndicator,BookingDateTime,Status,StatementReference,ValueDateTime,BalanceAmount,BalanceCurrency,AccountCreditDebitIndicator,AccountCurrency,AccountNickname,AccountType,AccountSubType,AccountName
OBA-99-1191-4705965-00,65.25,NZD,Credit,2023-04-01T00:00:00.000Z,Booked,,2023-03-29T00:00:00.000Z,1065.25,NZD,Credit,NZD,Cheque Account,Personal,Savings,CurrentAccount
OBA-99-1191-4705965-00,23.37,NZD,Debit,2023-04-07T00:00:00.000Z,Booked,,2023-04-05T00:00:00.000Z,1041.88,NZD,Credit,NZD,Cheque Account,Personal,Savings,CurrentAccount
OBA-99-1191-4705965-01,47.86,NZD,Credit,2023-04-14T00:00:00.000Z,Pending,,2023-04-09T00:00:00.000Z,1547.86,NZD,Credit,NZD,CreditCard Account,Business,CreditCard,CurrentAccount
OBA-99-1191-4705965-02,91.46,NZD,Debit,2023-04-20T00:00:00.000Z,Pending,,2023-04-16T00:00:00.000Z,1908.54,NZD,Credit,NZD,Loan Account,Business,Loan,CurrentAccount
OBA-99-1191-4705965-00,44.52,NZD,Credit,2023-04-22T00:00:00.000Z,Booked,,2023-04-21T00:00:00.000Z,1086.4,NZD,Credit,NZD,Cheque Account,Personal,Savings,CurrentAccount
OBA-99-1191-4705965-01,47.42,NZD,Credit,2023-04-23T00:00:00.000Z,Booked,,2023-04-20T00:00:00.000Z,1595.28,NZD,Credit,NZD,CreditCard Account,Business,CreditCard,CurrentAccount
OBA-99-1191-4705965-02,36.84,NZD,Debit,2023-04-29T00:00:00.000Z,Pending,,2023-04-25T00:00:00.000Z,1871.7,NZD,Credit,NZD,Loan Account,Business,Loan,CurrentAccount
OBA-99-1191-4705965-03,53.26,NZD,Credit,2023-04-30T00:00:00.000Z,Pending,,2023-04-28T00:00:00.000Z,2553.26,NZD,Credit,NZD,Business Account,Business,CurrentAccount,CurrentAccount
OBA-99-1191-4705965-01,47.41,NZD,Debit,2023-05-03T00:00:00.000Z,Pending,,2023-04-29T00:00:00.000Z,1547.87,NZD,Credit,NZD,CreditCard Account,Business,CreditCard,CurrentAccount
OBA-99-1191-4705965-00,97.9,NZD,Debit,2023-05-06T00:00:00.000Z,Pending,,2023-05-03T00:00:00.000Z,988.5,NZD,Credit,NZD,Cheque Account,Personal,Savings,CurrentAccount
OBA-99-1191-4705965-02,13.35,NZD,Credit,2023-05-07T00:00:00.000Z,Pending,,2023-05-04T00:00:00.000Z,1885.05,NZD,Credit,NZD,Loan Account,Business,Loan,CurrentAccount
OBA-99-1191-4705965-03,60.74,NZD,Credit,2023-05-13T00:00:00.000Z,Booked,,2023-05-09T00:00:00.000Z,2614,NZD,Credit,NZD,Business Account,Business,CurrentAccount,CurrentAccount
OBA-99-1191-4705965-03,47.11,NZD,Debit,2023-05-19T00:00:00.000Z,Pending,,2023-05-16T00:00:00.000Z,2566.89,NZD,Credit,NZD,Business Account,Business,CurrentAccount,CurrentAccount
OBA-99-1191-4705965-02,38.88,NZD,Debit,2023-05-23T00:00:00.000Z,Booked,,2023-05-21T00:00:00.000Z,1846.17,NZD,Credit,NZD,Loan Account,Business,Loan,CurrentAccount
OBA-99-1191-4705965-03,27.88,NZD,Debit,2023-05-30T00:00:00.000Z,Booked,,2023-05-25T00:00:00.000Z,2539.01,NZD,Credit,NZD,Business Account,Business,CurrentAccount,CurrentAccount
OBA-99-1191-4705965-03,86.25,NZD,Credit,2023-06-02T00:00:00.000Z,Pending,,2023-05-31T00:00:00.000Z,2625.26,NZD,Credit,NZD,Business Account,Business,CurrentAccount,CurrentAccount
OBA-99-1191-4705965-00,94.31,NZD,Debit,2023-06-05T00:00:00.000Z,Booked,,2023-06-01T00:00:00.000Z,894.19,NZD,Credit,NZD,Cheque Account,Personal,Savings,CurrentAccount
OBA-99-1191-4705965-00,67.04,NZD,Credit,2023-06-06T00:00:00.000Z,Pending,,2023-06-05T00:00:00.000Z,961.23,NZD,Credit,NZD,Cheque Account,Personal,Savings,CurrentAccount
OBA-99-1191-4705965-01,43.17,NZD,Credit,2023-06-07T00:00:00.000Z,Booked,,2023-06-04T00:00:00.000Z,1591.04,NZD,Credit,NZD,CreditCard Account,Business,CreditCard,CurrentAccount
OBA-99-1191-4705965-01,93.92,NZD,Credit,2023-06-09T00:00:00.000Z,Pending,,2023-06-07T00:00:00.000Z,1684.96,NZD,Credit,NZD,CreditCard Account,Business,CreditCard,CurrentAccount
OBA-99-1191-4705965-03,42.11,NZD,Credit,2023-06-14T00:00:00.000Z,Booked,,2023-06-09T00:00:00.000Z,2667.37,NZD,Credit,NZD,Business Account,Business,CurrentAccount,CurrentAccount
OBA-99-1191-4705965-03,57.13,NZD,Debit,2023-06-21T00:00:00.000Z,Booked,,2023-06-16T00:00:00.000Z,2610.24,NZD,Credit,NZD,Business Account,Business,CurrentAccount,CurrentAccount
OBA-99-1191-4705965-03,25.88,NZD,Credit,2023-06-28T00:00:00.000Z,Booked,,2023-06-23T00:00:00.000Z,2636.12,NZD,Credit,NZD,Business Account,Business,CurrentAccount,CurrentAccount
OBA-99-1191-4705965-00,37.41,NZD,Debit,2023-07-04T00:00:00.000Z,Booked,,2023-07-02T00:00:00.000Z,923.82,NZD,Credit,NZD,Cheque Account,Personal,Savings,CurrentAccount
OBA-99-1191-4705965-03,29.85,NZD,Debit,2023-07-10T00:00:00.000Z,Booked,,2023-07-06T00:00:00.000Z,2606.27,NZD,Credit,NZD,Business Account,Business,CurrentAccount,CurrentAccount
OBA-99-1191-4705965-00,3.33,NZD,Debit,2023-07-11T00:00:00.000Z,Booked,,2023-07-08T00:00:00.000Z,920.49,NZD,Credit,NZD,Cheque Account,Personal,Savings,CurrentAccount
OBA-99-1191-4705965-00,60.69,NZD,Debit,2023-07-15T00:00:00.000Z,Booked,,2023-07-10T00:00:00.000Z,859.8,NZD,Credit,NZD,Cheque Account,Personal,Savings,CurrentAccount
OBA-99-1191-4705965-00,50.18,NZD,Debit,2023-07-17T00:00:00.000Z,Booked,,2023-07-12T00:00:00.000Z,809.62,NZD,Credit,NZD,Cheque Account,Personal,Savings,CurrentAccount
OBA-99-1191-4705965-02,83.69,NZD,Credit,2023-07-18T00:00:00.000Z,Pending,,2023-07-15T00:00:00.000Z,1929.86,NZD,Credit,NZD,Loan Account,Business,Loan,CurrentAccount
OBA-99-1191-4705965-01,38.07,NZD,Credit,2023-07-24T00:00:00.000Z,Booked,,2023-07-23T00:00:00.000Z,1723.03,NZD,Credit,NZD,CreditCard Account,Business,CreditCard,CurrentAccount
OBA-99-1191-4705965-01,14.44,NZD,Credit,2023-07-28T00:00:00.000Z,Pending,,2023-07-27T00:00:00.000Z,1737.47,NZD,Credit,NZD,CreditCard Account,Business,CreditCard,CurrentAccount
OBA-99-1191-4705965-02,83.13,NZD,Credit,2023-08-04T00:00:00.000Z,Pending,,2023-08-02T00:00:00.000Z,2012.99,NZD,Credit,NZD,Loan Account,Business,Loan,CurrentAccount
OBA-99-1191-4705965-03,50.96,NZD,Credit,2023-08-05T00:00:00.000Z,Pending,,2023-07-31T00:00:00.000Z,2657.23,NZD,Credit,NZD,Business Account,Business,CurrentAccount,CurrentAccount
OBA-99-1191-4705965-01,98.47,NZD,Credit,2023-08-12T00:00:00.000Z,Pending,,2023-08-11T00:00:00.000Z,1835.94,NZD,Credit,NZD,CreditCard Account,Business,CreditCard,CurrentAccount
OBA-99-1191-4705965-03,45.06,NZD,Debit,2023-08-14T00:00:00.000Z,Pending,,2023-08-12T00:00:00.000Z,2612.17,NZD,Credit,NZD,Business Account,Business,CurrentAccount,CurrentAccount
OBA-99-1191-4705965-01,98.83,NZD,Debit,2023-08-21T00:00:00.000Z,Pending,,2023-08-16T00:00:00.000Z,1737.11,NZD,Credit,NZD,CreditCard Account,Business,CreditCard,CurrentAccount
OBA-99-1191-4705965-00,82.33,NZD,Debit,2023-08-28T00:00:00.000Z,Pending,,2023-08-26T00:00:00.000Z,727.29,NZD,Credit,NZD,Cheque Account,Personal,Savings,CurrentAccount
OBA-99-1191-4705965-00,39.58,NZD,Credit,2023-08-31T00:00:00.000Z,Booked,,2023-08-29T00:00:00.000Z,766.87,NZD,Credit,NZD,Cheque Account,Personal,Savings,CurrentAccount
OBA-99-1191-4705965-02,45.26,NZD,Debit,2023-09-01T00:00:00.000Z,Booked,,2023-08-28T00:00:00.000Z,1967.73,NZD,Credit,NZD,Loan Account,Business,Loan,CurrentAccount
OBA-99-1191-4705965-01,39.42,NZD,Debit,2023-09-03T00:00:00.000Z,Pending,,2023-08-31T00:00:00.000Z,1697.69,NZD,Credit,NZD,CreditCard Account,Business,CreditCard,CurrentAccount
OBA-99-1191-4705965-01,57.49,NZD,Credit,2023-09-08T00:00:00.000Z,Pending,,2023-09-07T00:00:00.000Z,1755.18,NZD,Credit,NZD,CreditCard Account,Business,CreditCard,CurrentAccount
OBA-99-1191-4705965-01,64.81,NZD,Credit,2023-09-09T00:00:00.000Z,Pending,,2023-09-08T00:00:00.000Z,1819.99,NZD,Credit,NZD,CreditCard Account,Business,CreditCard,CurrentAccount
OBA-99-1191-4705965-00,20.23,NZD,Credit,2023-09-16T00:00:00.000Z,Pending,,2023-09-15T00:00:00.000Z,787.1,NZD,Credit,NZD,Cheque Account,Personal,Savings,CurrentAccount
OBA-99-1191-4705965-02,44.33,NZD,Credit,2023-09-21T00:00:00.000Z,Booked,,2023-09-16T00:00:00.000Z,2012.06,NZD,Credit,NZD,Loan Account,Business,Loan,CurrentAccount
OBA-99-1191-4705965-02,97.51,NZD,Credit,2023-09-24T00:00:00.000Z,Booked,,2023-09-23T00:00:00.000Z,2109.57,NZD,Credit,NZD,Loan Account,Business,Loan,CurrentAccount
OBA-99-1191-4705965-01,75.73,NZD,Credit,2023-09-30T00:00:00.000Z,Pending,,2023-09-26T00:00:00.000Z,1895.72,NZD,Credit,NZD,CreditCard Account,Business,CreditCard,CurrentAccount
OBA-99-1191-4705965-03,86.76,NZD,Debit,2023-10-01T00:00:00.000Z,Booked,,2023-09-26T00:00:00.000Z,2525.41,NZD,Credit,NZD,Business Account,Business,CurrentAccount,CurrentAccount
OBA-99-1191-4705965-03,73.09,NZD,Debit,2023-10-03T00:00:00.000Z,Pending,,2023-10-01T00:00:00.000Z,2452.32,NZD,Credit,NZD,Business Account,Business,CurrentAccount,CurrentAccount
OBA-99-1191-4705965-02,90.92,NZD,Credit,2023-10-10T00:00:00.000Z,Booked,,2023-10-06T00:00:00.000Z,2200.49,NZD,Credit,NZD,Loan Account,Business,Loan,CurrentAccount
OBA-99-1191-4705965-00,71.85,NZD,Credit,2023-10-16T00:00:00.000Z,Booked,,2023-10-12T00:00:00.000Z,858.95,NZD,Credit,NZD,Cheque Account,Personal,Savings,CurrentAccount
OBA-99-1191-4705965-00,54.79,NZD,Credit,2023-10-20T00:00:00.000Z,Pending,,2023-10-18T00:00:00.000Z,913.74,NZD,Credit,NZD,Cheque Account,Personal,Savings,CurrentAccount
OBA-99-1191-4705965-02,78.63,NZD,Debit,2023-10-25T00:00:00.000Z,Booked,,2023-10-23T00:00:00.000Z,2121.86,NZD,Credit,NZD,Loan Account,Business,Loan,CurrentAccount
OBA-99-1191-4705965-03,58.72,NZD,Debit,2023-10-30T00:00:00.000Z,Pending,,2023-10-25T00:00:00.000Z,2393.6,NZD,Credit,NZD,Business Account,Business,CurrentAccount,CurrentAccount
OBA-99-1191-4705965-03,69.67,NZD,Credit,2023-11-01T00:00:00.000Z,Pending,,2023-10-31T00:00:00.000Z,2463.27,NZD,Credit,NZD,Business Account,Business,CurrentAccount,CurrentAccount
OBA-99-1191-4705965-01,17.53,NZD,Debit,2023-11-03T00:00:00.000Z,Booked,,2023-11-01T00:00:00.000Z,1878.19,NZD,Credit,NZD,CreditCard Account,Business,CreditCard,CurrentAccount
OBA-99-1191-4705965-01,73.39,NZD,Debit,2023-11-07T00:00:00.000Z,Booked,,2023-11-06T00:00:00.000Z,1804.8,NZD,Credit,NZD,CreditCard Account,Business,CreditCard,CurrentAccount
OBA-99-1191-4705965-01,87.85,NZD,Credit,2023-11-14T00:00:00.000Z,Pending,,2023-11-12T00:00:00.000Z,1892.65,NZD,Credit,NZD,CreditCard Account,Business,CreditCard,CurrentAccount
OBA-99-1191-4705965-03,74.75,NZD,Credit,2023-11-19T00:00:00.000Z,Pending,,2023-11-17T00:00:00.000Z,2538.02,NZD,Credit,NZD,Business Account,Business,CurrentAccount,CurrentAccount
OBA-99-1191-4705965-00,8.44,NZD,Debit,2023-11-20T00:00:00.000Z,Pending,,2023-11-16T00:00:00.000Z,905.3,NZD,Credit,NZD,Cheque Account,Personal,Savings,CurrentAccount
OBA-99-1191-4705965-02,1.12,NZD,Credit,2023-11-26T00:00:00.000Z,Booked,,2023-11-23T00:00:00.000Z,2122.98,NZD,Credit,NZD,Loan Account,Business,Loan,CurrentAccount
OBA-99-1191-4705965-01,39.39,NZD,Credit,2023-12-02T00:00:00.000Z,Pending,,2023-11-27T00:00:00.000Z,1932.04,NZD,Credit,NZD,CreditCard Account,Business,CreditCard,CurrentAccount
OBA-99-1191-4705965-02,94.33,NZD,Debit,2023-12-06T00:00:00.000Z,Pending,,2023-12-03T00:00:00.000Z,2028.65,NZD,Credit,NZD,Loan Account,Business,Loan,CurrentAccount
OBA-99-1191-4705965-01,47.24,NZD,Debit,2023-12-09T00:00:00.000Z,Booked,,2023-12-08T00:00:00.000Z,1884.8,NZD,Credit,NZD,CreditCard Account,Business,CreditCard,CurrentAccount
OBA-99-1191-4705965-02,93.47,NZD,Credit,2023-12-11T00:00:00.000Z,Pending,,2023-12-08T00:00:00.000Z,2122.12,NZD,Credit,NZD,Loan Account,Business,Loan,CurrentAccount
OBA-99-1191-4705965-02,17.63,NZD,Debit,2023-12-15T00:00:00.000Z,Pending,,2023-12-13T00:00:00.000Z,2104.49,NZD,Credit,NZD,Loan Account,Business,Loan,CurrentAccount
OBA-99-1191-4705965-00,2.12,NZD,Credit,2023-12-17T00:00:00.000Z,Booked,,2023-12-15T00:00:00.000Z,907.42,NZD,Credit,NZD,Cheque Account,Personal,Savings,CurrentAccount
OBA-99-1191-4705965-01,39.03,NZD,Debit,2023-12-22T00:00:00.000Z,Pending,,2023-12-21T00:00:00.000Z,1845.77,NZD,Credit,NZD,CreditCard Account,Business,CreditCard,CurrentAccount
OBA-99-1191-4705965-00,9.16,NZD,Debit,2023-12-26T00:00:00.000Z,Booked,,2023-12-23T00:00:00.000Z,898.26,NZD,Credit,NZD,Cheque Account,Personal,Savings,CurrentAccount
OBA-99-1191-4705965-00,84.59,NZD,Debit,2024-01-01T00:00:00.000Z,Booked,,2023-12-27T00:00:00.000Z,813.67,NZD,Credit,NZD,Cheque Account,Personal,Savings,CurrentAccount
OBA-99-1191-4705965-00,6.73,NZD,Credit,2024-01-02T00:00:00.000Z,Pending,,2023-12-30T00:00:00.000Z,820.4,NZD,Credit,NZD,Cheque Account,Personal,Savings,CurrentAccount
OBA-99-1191-4705965-02,59.32,NZD,Debit,2024-01-03T00:00:00.000Z,Booked,,2023-12-31T00:00:00.000Z,2045.17,NZD,Credit,NZD,Loan Account,Business,Loan,CurrentAccount
OBA-99-1191-4705965-00,83.56,NZD,Debit,2024-01-08T00:00:00.000Z,Pending,,2024-01-04T00:00:00.000Z,736.84,NZD,Credit,NZD,Cheque Account,Personal,Savings,CurrentAccount
OBA-99-1191-4705965-00,77.45,NZD,Credit,2024-01-15T00:00:00.000Z,Booked,,2024-01-13T00:00:00.000Z,814.29,NZD,Credit,NZD,Cheque Account,Personal,Savings,CurrentAccount
OBA-99-1191-4705965-01,79.89,NZD,Debit,2024-01-20T00:00:00.000Z,Pending,,2024-01-16T00:00:00.000Z,1765.88,NZD,Credit,NZD,CreditCard Account,Business,CreditCard,CurrentAccount
OBA-99-1191-4705965-00,34.49,NZD,Debit,2024-01-27T00:00:00.000Z,Pending,,2024-01-25T00:00:00.000Z,779.8,NZD,Credit,NZD,Cheque Account,Personal,Savings,CurrentAccount
OBA-99-1191-4705965-03,75.55,NZD,Debit,2024-02-02T00:00:00.000Z,Booked,,2024-01-31T00:00:00.000Z,2462.47,NZD,Credit,NZD,Business Account,Business,CurrentAccount,CurrentAccount
OBA-99-1191-4705965-02,70.08,NZD,Credit,2024-02-07T00:00:00.000Z,Pending,,2024-02-05T00:00:00.000Z,2115.25,NZD,Credit,NZD,Loan Account,Business,Loan,CurrentAccount
OBA-99-1191-4705965-02,31.53,NZD,Debit,2024-02-09T00:00:00.000Z,Booked,,2024-02-05T00:00:00.000Z,2083.72,NZD,Credit,NZD,Loan Account,Business,Loan,CurrentAccount
OBA-99-1191-4705965-00,19.5,NZD,Credit,2024-02-15T00:00:00.000Z,Booked,,2024-02-14T00:00:00.000Z,799.3,NZD,Credit,NZD,Cheque Account,Personal,Savings,CurrentAccount
OBA-99-1191-4705965-01,29.35,NZD,Credit,2024-02-18T00:00:00.000Z,Pending,,2024-02-16T00:00:00.000Z,1795.23,NZD,Credit,NZD,CreditCard Account,Business,CreditCard,CurrentAccount
OBA-99-1191-4705965-02,24.39,NZD,Credit,2024-02-19T00:00:00.000Z,Pending,,2024-02-18T00:00:00.000Z,2108.11,NZD,Credit,NZD,Loan Account,Business,Loan,CurrentAccount
OBA-99-1191-4705965-02,14.12,NZD,Debit,2024-02-20T00:00:00.000Z,Booked,,2024-02-17T00:00:00.000Z,2093.99,NZD,Credit,NZD,Loan Account,Business,Loan,CurrentAccount
OBA-99-1191-4705965-01,79.97,NZD,Credit,2024-02-27T00:00:00.000Z,Pending,,2024-02-25T00:00:00.000Z,1875.2,NZD,Credit,NZD,CreditCard Account,Business,CreditCard,CurrentAccount
OBA-99-1191-4705965-00,80.07,NZD,Credit,2024-03-04T00:00:00.000Z,Pending,,2024-03-02T00:00:00.000Z,879.37,NZD,Credit,NZD,Cheque Account,Personal,Savings,CurrentAccount
OBA-99-1191-4705965-01,84.25,NZD,Credit,2024-03-10T00:00:00.000Z,Pending,,2024-03-09T00:00:00.000Z,1959.45,NZD,Credit,NZD,CreditCard Account,Business,CreditCard,CurrentAccount
OBA-99-1191-4705965-02,77.54,NZD,Debit,2024-03-15T00:00:00.000Z,Pending,,2024-03-10T00:00:00.000Z,2016.45,NZD,Credit,NZD,Loan Account,Business,Loan,CurrentAccount
OBA-99-1191-4705965-01,41.39,NZD,Debit,2024-03-20T00:00:00.000Z,Booked,,2024-03-15T00:00:00.000Z,1918.06,NZD,Credit,NZD,CreditCard Account,Business,CreditCard,CurrentAccount
OBA-99-1191-4705965-00,65.35,NZD,Debit,2024-03-26T00:00:00.000Z,Pending,,2024-03-24T00:00:00.000Z,814.02,NZD,Credit,NZD,Cheque Account,Personal,Savings,CurrentAccount
OBA-99-1191-4705965-03,57.49,NZD,Debit,2024-03-31T00:00:00.000Z,Booked,,2024-03-27T00:00:00.000Z,2404.98,NZD,Credit,NZD,Business Account,Business,CurrentAccount,CurrentAccount
OBA-99-1191-4705965-01,52.62,NZD,Credit,2024-04-07T00:00:00.000Z,Pending,,2024-04-02T00:00:00.000Z,1970.68,NZD,Credit,NZD,CreditCard Account,Business,CreditCard,CurrentAccount
OBA-99-1191-4705965-02,35.65,NZD,Credit,2024-04-11T00:00:00.000Z,Pending,,2024-04-10T00:00:00.000Z,2052.1,NZD,Credit,NZD,Loan Account,Business,Loan,CurrentAccount
OBA-99-1191-4705965-01,99.72,NZD,Credit,2024-04-13T00:00:00.000Z,Booked,,2024-04-09T00:00:00.000Z,2070.4,NZD,Credit,NZD,CreditCard Account,Business,CreditCard,CurrentAccount
OBA-99-1191-4705965-03,96.09,NZD,Credit,2024-04-15T00:00:00.000Z,Booked,,2024-04-14T00:00:00.000Z,2501.07,NZD,Credit,NZD,Business Account,Business,CurrentAccount,CurrentAccount
OBA-99-1191-4705965-03,79.01,NZD,Credit,2024-04-20T00:00:00.000Z,Pending,,2024-04-16T00:00:00.000Z,2580.08,NZD,Credit,NZD,Business Account,Business,CurrentAccount,CurrentAccount
OBA-99-1191-4705965-00,5.02,NZD,Debit,2024-04-23T00:00:00.000Z,Booked,,2024-04-21T00:00:00.000Z,809,NZD,Credit,NZD,Cheque Account,Personal,Savings,CurrentAccount
OBA-99-1191-4705965-01,61.35,NZD,Credit,2024-04-29T00:00:00.000Z,Pending,,2024-04-25T00:00:00.000Z,2131.75,NZD,Credit,NZD,CreditCard Account,Business,CreditCard,CurrentAccount
OBA-99-1191-4705965-02,26.11,NZD,Credit,2024-05-01T00:00:00.000Z,Pending,,2024-04-26T00:00:00.000Z,2078.21,NZD,Credit,NZD,Loan Account,Business,Loan,CurrentAccount
OBA-99-1191-4705965-02,94.58,NZD,Debit,2024-05-06T00:00:00.000Z,Booked,,2024-05-04T00:00:00.000Z,1983.63,NZD,Credit,NZD,Loan Account,Business,Loan,CurrentAccount
OBA-99-1191-4705965-00,59.25,NZD,Credit,2024-05-08T00:00:00.000Z,Booked,,2024-05-04T00:00:00.000Z,868.25,NZD,Credit,NZD,Cheque Account,Personal,Savings,CurrentAccount
OBA-99-1191-4705965-00,19.62,NZD,Credit,2024-05-11T00:00:00.000Z,Pending,,2024-05-09T00:00:00.000Z,887.87,NZD,Credit,NZD,Cheque Account,Personal,Savings,CurrentAccount
OBA-99-1191-4705965-02,71.7,NZD,Credit,2024-05-15T00:00:00.000Z,Booked,,2024-05-14T00:00:00.000Z,2055.33,NZD,Credit,NZD,Loan Account,Business,Loan,CurrentAccount
OBA-99-1191-4705965-01,2.15,NZD,Credit,2024-05-18T00:00:00.000Z,Booked,,2024-05-16T00:00:00.000Z,2133.9,NZD,Credit,NZD,CreditCard Account,Business,CreditCard,CurrentAccount
OBA-99-1191-4705965-00,88.77,NZD,Credit,2024-05-20T00:00:00.000Z,Booked,,2024-05-16T00:00:00.000Z,976.64,NZD,Credit,NZD,Cheque Account,Personal,Savings,CurrentAccount
OBA-99-1191-4705965-02,54.35,NZD,Debit,2024-05-26T00:00:00.000Z,Booked,,2024-05-25T00:00:00.000Z,2000.98,NZD,Credit,NZD,Loan Account,Business,Loan,CurrentAccount
OBA-99-1191-4705965-02,53.46,NZD,Debit,2024-06-01T00:00:00.000Z,Booked,,2024-05-30T00:00:00.000Z,1947.52,NZD,Credit,NZD,Loan Account,Business,Loan,CurrentAccount
OBA-99-1191-4705965-03,85.19,NZD,Credit,2024-06-07T00:00:00.000Z,Pending,,2024-06-03T00:00:00.000Z,2665.27,NZD,Credit,NZD,Business Account,Business,CurrentAccount,CurrentAccount
OBA-99-1191-4705965-03,34.9,NZD,Credit,2024-06-08T00:00:00.000Z,Booked,,2024-06-03T00:00:00.000Z,2700.17,NZD,Credit,NZD,Business Account,Business,CurrentAccount,CurrentAccount
OBA-99-1191-4705965-01,92.29,NZD,Credit,2024-06-12T00:00:00.000Z,Pending,,2024-06-08T00:00:00.000Z,2226.19,NZD,Credit,NZD,CreditCard Account,Business,CreditCard,CurrentAccount
OBA-99-1191-4705965-01,28.41,NZD,Debit,2024-06-17T00:00:00.000Z,Pending,,2024-06-16T00:00:00.000Z,2197.78,NZD,Credit,NZD,CreditCard Account,Business,CreditCard,CurrentAccount
OBA-99-1191-4705965-03,20.3,NZD,Debit,2024-06-20T00:00:00.000Z,Pending,,2024-06-15T00:00:00.000Z,2679.87,NZD,Credit,NZD,Business Account,Business,CurrentAccount,CurrentAccount
OBA-99-1191-4705965-00,25.46,NZD,Debit,2024-06-23T00:00:00.000Z,Booked,,2024-06-18T00:00:00.000Z,951.18,NZD,Credit,NZD,Cheque Account,Personal,Savings,CurrentAccount
OBA-99-1191-4705965-01,44.06,NZD,Credit,2024-06-29T00:00:00.000Z,Pending,,2024-06-28T00:00:00.000Z,2241.84,NZD,Credit,NZD,CreditCard Account,Business,CreditCard,CurrentAccount
OBA-99-1191-4705965-03,52.86,NZD,Debit,2024-07-06T00:00:00.000Z,Booked,,2024-07-02T00:00:00.000Z,2627.01,NZD,Credit,NZD,Business Account,Business,CurrentAccount,CurrentAccount
OBA-99-1191-4705965-02,87.59,NZD,Debit,2024-07-10T00:00:00.000Z,Booked,,2024-07-08T00:00:00.000Z,1859.93,NZD,Credit,NZD,Loan Account,Business,Loan,CurrentAccount
OBA-99-1191-4705965-03,29.83,NZD,Credit,2024-07-15T00:00:00.000Z,Booked,,2024-07-13T00:00:00.000Z,2656.84,NZD,Credit,NZD,Business Account,Business,CurrentAccount,CurrentAccount
OBA-99-1191-4705965-02,71.77,NZD,Credit,2024-07-22T00:00:00.000Z,Pending,,2024-07-21T00:00:00.000Z,1931.7,NZD,Credit,NZD,Loan Account,Business,Loan,CurrentAccount
OBA-99-1191-4705965-03,23.29,NZD,Debit,2024-07-29T00:00:00.000Z,Booked,,2024-07-27T00:00:00.000Z,2633.55,NZD,Credit,NZD,Business Account,Business,CurrentAccount,CurrentAccount
OBA-99-1191-4705965-01,63.12,NZD,Credit,2024-08-02T00:00:00.000Z,Pending,,2024-07-29T00:00:00.000Z,2304.96,NZD,Credit,NZD,CreditCard Account,Business,CreditCard,CurrentAccount
OBA-99-1191-4705965-01,28.79,NZD,Debit,2024-08-07T00:00:00.000Z,Booked,,2024-08-05T00:00:00.000Z,2276.17,NZD,Credit,NZD,CreditCard Account,Business,CreditCard,CurrentAccount
OBA-99-1191-4705965-02,51.33,NZD,Debit,2024-08-09T00:00:00.000Z,Booked,,2024-08-06T00:00:00.000Z,1880.37,NZD,Credit,NZD,Loan Account,Business,Loan,CurrentAccount
OBA-99-1191-4705965-02,60.57,NZD,Credit,2024-08-13T00:00:00.000Z,Booked,,2024-08-10T00:00:00.000Z,1940.94,NZD,Credit,NZD,Loan Account,Business,Loan,CurrentAccount
OBA-99-1191-4705965-02,29.9,NZD,Credit,2024-08-15T00:00:00.000Z,Pending,,2024-08-11T00:00:00.000Z,1970.84,NZD,Credit,NZD,Loan Account,Business,Loan,CurrentAccount
OBA-99-1191-4705965-01,15.53,NZD,Credit,2024-08-21T00:00:00.000Z,Pending,,2024-08-17T00:00:00.000Z,2291.7,NZD,Credit,NZD,CreditCard Account,Business,CreditCard,CurrentAccount
OBA-99-1191-4705965-00,78.24,NZD,Credit,2024-08-27T00:00:00.000Z,Pending,,2024-08-22T00:00:00.000Z,1029.42,NZD,Credit,NZD,Cheque Account,Personal,Savings,CurrentAccount
OBA-99-1191-4705965-01,52.75,NZD,Credit,2024-08-30T00:00:00.000Z,Booked,,2024-08-28T00:00:00.000Z,2344.45,NZD,Credit,NZD,CreditCard Account,Business,CreditCard,CurrentAccount
OBA-99-1191-4705965-01,58.97,NZD,Credit,2024-09-03T00:00:00.000Z,Pending,,2024-08-31T00:00:00.000Z,2403.42,NZD,Credit,NZD,CreditCard Account,Business,CreditCard,CurrentAccount
OBA-99-1191-4705965-02,68.86,NZD,Debit,2024-09-06T00:00:00.000Z,Booked,,2024-09-01T00:00:00.000Z,1901.98,NZD,Credit,NZD,Loan Account,Business,Loan,CurrentAccount
OBA-99-1191-4705965-03,52.11,NZD,Debit,2024-09-08T00:00:00.000Z,Pending,,2024-09-05T00:00:00.000Z,2581.44,NZD,Credit,NZD,Business Account,Business,CurrentAccount,CurrentAccount
OBA-99-1191-4705965-01,3.95,NZD,Debit,2024-09-10T00:00:00.000Z,Pending,,2024-09-09T00:00:00.000Z,2399.47,NZD,Credit,NZD,CreditCard Account,Business,CreditCard,CurrentAccount
OBA-99-1191-4705965-00,70.4,NZD,Credit,2024-09-11T00:00:00.000Z,Pending,,2024-09-08T00:00:00.000Z,1099.82,NZD,Credit,NZD,Cheque Account,Personal,Savings,CurrentAccount
OBA-99-1191-4705965-01,7.17,NZD,Credit,2024-09-18T00:00:00.000Z,Pending,,2024-09-15T00:00:00.000Z,2406.64,NZD,Credit,NZD,CreditCard Account,Business,CreditCard,CurrentAccount
OBA-99-1191-4705965-00,99.13,NZD,Credit,2024-09-22T00:00:00.000Z,Booked,,2024-09-19T00:00:00.000Z,1198.95,NZD,Credit,NZD,Cheque Account,Personal,Savings,CurrentAccount
OBA-99-1191-4705965-02,72.13,NZD,Credit,2024-09-24T00:00:00.000Z,Pending,,2024-09-23T00:00:00.000Z,1974.11,NZD,Credit,NZD,Loan Account,Business,Loan,CurrentAccount
OBA-99-1191-4705965-00,72.95,NZD,Credit,2024-09-28T00:00:00.000Z,Pending,,2024-09-24T00:00:00.000Z,1271.9,NZD,Credit,NZD,Cheque Account,Personal,Savings,CurrentAccount
OBA-99-1191-4705965-00,86.76,NZD,Debit,2024-09-30T00:00:00.000Z,Pending,,2024-09-25T00:00:00.000Z,1185.14,NZD,Credit,NZD,Cheque Account,Personal,Savings,CurrentAccount
OBA-99-1191-4705965-00,15.7,NZD,Debit,2024-10-06T00:00:00.000Z,Booked,,2024-10-03T00:00:00.000Z,1169.44,NZD,Credit,NZD,Cheque Account,Personal,Savings,CurrentAccount
OBA-99-1191-4705965-02,18.3,NZD,Debit,2024-10-07T00:00:00.000Z,Booked,,2024-10-03T00:00:00.000Z,1955.81,NZD,Credit,NZD,Loan Account,Business,Loan,CurrentAccount
OBA-99-1191-4705965-00,27.1,NZD,Debit,2024-10-14T00:00:00.000Z,Booked,,2024-10-11T00:00:00.000Z,1142.34,NZD,Credit,NZD,Cheque Account,Personal,Savings,CurrentAccount
OBA-99-1191-4705965-02,42.22,NZD,Debit,2024-10-15T00:00:00.000Z,Pending,,2024-10-13T00:00:00.000Z,1913.59,NZD,Credit,NZD,Loan Account,Business,Loan,CurrentAccount
OBA-99-1191-4705965-00,25.02,NZD,Credit,2024-10-22T00:00:00.000Z,Booked,,2024-10-18T00:00:00.000Z,1167.36,NZD,Credit,NZD,Cheque Account,Personal,Savings,CurrentAccount
OBA-99-1191-4705965-02,54.49,NZD,Credit,2024-10-27T00:00:00.000Z,Booked,,2024-10-23T00:00:00.000Z,1968.08,NZD,Credit,NZD,Loan Account,Business,Loan,CurrentAccount
OBA-99-1191-4705965-02,4.8,NZD,Credit,2024-11-03T00:00:00.000Z,Booked,,2024-11-02T00:00:00.000Z,1972.88,NZD,Credit,NZD,Loan Account,Business,Loan,CurrentAccount
OBA-99-1191-4705965-01,24.41,NZD,Debit,2024-11-07T00:00:00.000Z,Booked,,2024-11-03T00:00:00.000Z,2382.23,NZD,Credit,NZD,CreditCard Account,Business,CreditCard,CurrentAccount
OBA-99-1191-4705965-00,20.27,NZD,Debit,2024-11-12T00:00:00.000Z,Pending,,2024-11-11T00:00:00.000Z,1147.09,NZD,Credit,NZD,Cheque Account,Personal,Savings,CurrentAccount
OBA-99-1191-4705965-03,54.21,NZD,Debit,2024-11-14T00:00:00.000Z,Pending,,2024-11-10T00:00:00.000Z,2527.23,NZD,Credit,NZD,Business Account,Business,CurrentAccount,CurrentAccount
OBA-99-1191-4705965-03,37.5,NZD,Credit,2024-11-19T00:00:00.000Z,Booked,,2024-11-17T00:00:00.000Z,2564.73,NZD,Credit,NZD,Business Account,Business,CurrentAccount,CurrentAccount
OBA-99-1191-4705965-03,68.73,NZD,Debit,2024-11-26T00:00:00.000Z,Pending,,2024-11-24T00:00:00.000Z,2496,NZD,Credit,NZD,Business Account,Business,CurrentAccount,CurrentAccount
OBA-99-1191-4705965-03,54.04,NZD,Debit,2024-11-30T00:00:00.000Z,Booked,,2024-11-29T00:00:00.000Z,2441.96,NZD,Credit,NZD,Business Account,Business,CurrentAccount,CurrentAccount
OBA-99-1191-4705965-02,73.03,NZD,Debit,2024-12-04T00:00:00.000Z,Booked,,2024-12-01T00:00:00.000Z,1899.85,NZD,Credit,NZD,Loan Account,Business,Loan,CurrentAccount
OBA-99-1191-4705965-02,61.18,NZD,Credit,2024-12-10T00:00:00.000Z,Pending,,2024-12-08T00:00:00.000Z,1961.03,NZD,Credit,NZD,Loan Account,Business,Loan,CurrentAccount
OBA-99-1191-4705965-01,55.9,NZD,Credit,2024-12-12T00:00:00.000Z,Booked,,2024-12-11T00:00:00.000Z,2438.13,NZD,Credit,NZD,CreditCard Account,Business,CreditCard,CurrentAccount
OBA-99-1191-4705965-00,22.31,NZD,Credit,2024-12-17T00:00:00.000Z,Pending,,2024-12-12T00:00:00.000Z,1169.4,NZD,Credit,NZD,Cheque Account,Personal,Savings,CurrentAccount
OBA-99-1191-4705965-02,2.22,NZD,Credit,2024-12-22T00:00:00.000Z,Pending,,2024-12-18T00:00:00.000Z,1963.25,NZD,Credit,NZD,Loan Account,Business,Loan,CurrentAccount
OBA-99-1191-4705965-01,3.49,NZD,Credit,2024-12-24T00:00:00.000Z,Booked,,2024-12-22T00:00:00.000Z,2441.62,NZD,Credit,NZD,CreditCard Account,Business,CreditCard,CurrentAccount
OBA-99-1191-4705965-02,63.95,NZD,Credit,2024-12-30T00:00:00.000Z,Booked,,2024-12-29T00:00:00.000Z,2027.2,NZD,Credit,NZD,Loan Account,Business,Loan,CurrentAccount
OBA-99-1191-4705965-03,11.7,NZD,Debit,2024-12-31T00:00:00.000Z,Pending,,2024-12-28T00:00:00.000Z,2430.26,NZD,Credit,NZD,Business Account,Business,CurrentAccount,CurrentAccount
OBA-99-1191-4705965-00,92.56,NZD,Credit,2025-01-07T00:00:00.000Z,Pending,,2025-01-06T00:00:00.000Z,1261.96,NZD,Credit,NZD,Cheque Account,Personal,Savings,CurrentAccount
OBA-99-1191-4705965-00,73.46,NZD,Credit,2025-01-09T00:00:00.000Z,Pending,,2025-01-04T00:00:00.000Z,1335.42,NZD,Credit,NZD,Cheque Account,Personal,Savings,CurrentAccount
OBA-99-1191-4705965-00,2.24,NZD,Debit,2025-01-13T00:00:00.000Z,Pending,,2025-01-08T00:00:00.000Z,1333.18,NZD,Credit,NZD,Cheque Account,Personal,Savings,CurrentAccount
OBA-99-1191-4705965-03,97.85,NZD,Debit,2025-01-15T00:00:00.000Z,Pending,,2025-01-10T00:00:00.000Z,2332.41,NZD,Credit,NZD,Business Account,Business,CurrentAccount,CurrentAccount
OBA-99-1191-4705965-03,19.55,NZD,Debit,2025-01-17T00:00:00.000Z,Pending,,2025-01-14T00:00:00.000Z,2312.86,NZD,Credit,NZD,Business Account,Business,CurrentAccount,CurrentAccount
OBA-99-1191-4705965-02,38.95,NZD,Credit,2025-01-19T00:00:00.000Z,Booked,,2025-01-14T00:00:00.000Z,2066.15,NZD,Credit,NZD,Loan Account,Business,Loan,CurrentAccount
OBA-99-1191-4705965-01,23.58,NZD,Debit,2025-01-26T00:00:00.000Z,Booked,,2025-01-21T00:00:00.000Z,2418.04,NZD,Credit,NZD,CreditCard Account,Business,CreditCard,CurrentAccount
OBA-99-1191-4705965-03,34.18,NZD,Debit,2025-01-28T00:00:00.000Z,Pending,,2025-01-25T00:00:00.000Z,2278.68,NZD,Credit,NZD,Business Account,Business,CurrentAccount,CurrentAccount
OBA-99-1191-4705965-00,14.27,NZD,Debit,2025-02-02T00:00:00.000Z,Pending,,2025-01-30T00:00:00.000Z,1318.91,NZD,Credit,NZD,Cheque Account,Personal,Savings,CurrentAccount
OBA-99-1191-4705965-02,43.6,NZD,Debit,2025-02-09T00:00:00.000Z,Pending,,2025-02-06T00:00:00.000Z,2022.55,NZD,Credit,NZD,Loan Account,Business,Loan,CurrentAccount
OBA-99-1191-4705965-02,79.86,NZD,Credit,2025-02-14T00:00:00.000Z,Booked,,2025-02-10T00:00:00.000Z,2102.41,NZD,Credit,NZD,Loan Account,Business,Loan,CurrentAccount
OBA-99-1191-4705965-02,75.58,NZD,Debit,2025-02-20T00:00:00.000Z,Booked,,2025-02-15T00:00:00.000Z,2026.83,NZD,Credit,NZD,Loan Account,Business,Loan,CurrentAccount
OBA-99-1191-4705965-02,99.44,NZD,Debit,2025-02-25T00:00:00.000Z,Pending,,2025-02-20T00:00:00.000Z,1927.39,NZD,Credit,NZD,Loan Account,Business,Loan,CurrentAccount
OBA-99-1191-4705965-00,80.76,NZD,Credit,2025-02-28T00:00:00.000Z,Booked,,2025-02-25T00:00:00.000Z,1399.67,NZD,Credit,NZD,Cheque Account,Personal,Savings,CurrentAccount
OBA-99-1191-4705965-02,41.41,NZD,Debit,2025-03-07T00:00:00.000Z,Booked,,2025-03-04T00:00:00.000Z,1885.98,NZD,Credit,NZD,Loan Account,Business,Loan,CurrentAccount
OBA-99-1191-4705965-02,7.97,NZD,Debit,2025-03-11T00:00:00.000Z,Pending,,2025-03-07T00:00:00.000Z,1878.01,NZD,Credit,NZD,Loan Account,Business,Loan,CurrentAccount
OBA-99-1191-4705965-02,45.53,NZD,Credit,2025-03-15T00:00:00.000Z,Booked,,2025-03-13T00:00:00.000Z,1923.54,NZD,Credit,NZD,Loan Account,Business,Loan,CurrentAccount
OBA-99-1191-4705965-01,59.67,NZD,Credit,2025-03-19T00:00:00.000Z,Pending,,2025-03-18T00:00:00.000Z,2477.71,NZD,Credit,NZD,CreditCard Account,Business,CreditCard,CurrentAccount
OBA-99-1191-4705965-03,39.93,NZD,Credit,2025-03-23T00:00:00.000Z,Booked,,2025-03-21T00:00:00.000Z,2318.61,NZD,Credit,NZD,Business Account,Business,CurrentAccount,CurrentAccount
OBA-99-1191-4705965-01,37.81,NZD,Debit,2025-03-27T00:00:00.000Z,Pending,,2025-03-23T00:00:00.000Z,2439.9,NZD,Credit,NZD,CreditCard Account,Business,CreditCard,CurrentAccount
OBA-99-1191-4705965-00,25.47,NZD,Credit,2025-04-01T00:00:00.000Z,Booked,,2025-03-29T00:00:00.000Z,1425.14,NZD,Credit,NZD,Cheque Account,Personal,Savings,CurrentAccount
OBA-99-1191-4705965-02,12.18,NZD,Debit,2025-04-03T00:00:00.000Z,Pending,,2025-03-30T00:00:00.000Z,1911.36,NZD,Credit,NZD,Loan Account,Business,Loan,CurrentAccount
OBA-99-1191-4705965-02,19.94,NZD,Debit,2025-04-08T00:00:00.000Z,Pending,,2025-04-04T00:00:00.000Z,1891.42,NZD,Credit,NZD,Loan Account,Business,Loan,CurrentAccount
OBA-99-1191-4705965-01,14.64,NZD,Credit,2025-04-13T00:00:00.000Z,Booked,,2025-04-10T00:00:00.000Z,2454.54,NZD,Credit,NZD,CreditCard Account,Business,CreditCard,CurrentAccount
OBA-99-1191-4705965-00,34.77,NZD,Credit,2025-04-14T00:00:00.000Z,Pending,,2025-04-10T00:00:00.000Z,1459.91,NZD,Credit,NZD,Cheque Account,Personal,Savings,CurrentAccount
OBA-99-1191-4705965-02,96.84,NZD,Credit,2025-04-19T00:00:00.000Z,Pending,,2025-04-14T00:00:00.000Z,1988.26,NZD,Credit,NZD,Loan Account,Business,Loan,CurrentAccount
OBA-99-1191-4705965-00,41.65,NZD,Credit,2025-04-20T00:00:00.000Z,Booked,,2025-04-15T00:00:00.000Z,1501.56,NZD,Credit,NZD,Cheque Account,Personal,Savings,CurrentAccount
OBA-99-1191-4705965-02,18.9,NZD,Debit,2025-04-26T00:00:00.000Z,Booked,,2025-04-21T00:00:00.000Z,1969.36,NZD,Credit,NZD,Loan Account,Business,Loan,CurrentAccount
OBA-99-1191-4705965-03,67.36,NZD,Credit,2025-05-03T00:00:00.000Z,Pending,,2025-04-28T00:00:00.000Z,2385.97,NZD,Credit,NZD,Business Account,Business,CurrentAccount,CurrentAccount
OBA-99-1191-4705965-02,97.49,NZD,Credit,2025-05-09T00:00:00.000Z,Booked,,2025-05-05T00:00:00.000Z,2066.85,NZD,Credit,NZD,Loan Account,Business,Loan,CurrentAccount
OBA-99-1191-4705965-03,42.37,NZD,Credit,2025-05-12T00:00:00.000Z,Pending,,2025-05-10T00:00:00.000Z,2428.34,NZD,Credit,NZD,Business Account,Business,CurrentAccount,CurrentAccount
OBA-99-1191-4705965-02,21.45,NZD,Debit,2025-05-17T00:00:00.000Z,Booked,,2025-05-15T00:00:00.000Z,2045.4,NZD,Credit,NZD,Loan Account,Business,Loan,CurrentAccount
OBA-99-1191-4705965-02,5.26,NZD,Debit,2025-05-19T00:00:00.000Z,Pending,,2025-05-15T00:00:00.000Z,2040.14,NZD,Credit,NZD,Loan Account,Business,Loan,CurrentAccount
OBA-99-1191-4705965-00,42.36,NZD,Debit,2025-05-22T00:00:00.000Z,Booked,,2025-05-18T00:00:00.000Z,1459.2,NZD,Credit,NZD,Cheque Account,Personal,Savings,CurrentAccount
OBA-99-1191-4705965-00,2.9,NZD,Debit,2025-05-28T00:00:00.000Z,Pending,,2025-05-26T00:00:00.000Z,1456.3,NZD,Credit,NZD,Cheque Account,Personal,Savings,CurrentAccount
OBA-99-1191-4705965-01,83.32,NZD,Credit,2025-05-30T00:00:00.000Z,Pending,,2025-05-26T00:00:00.000Z,2537.86,NZD,Credit,NZD,CreditCard Account,Business,CreditCard,CurrentAccount
OBA-99-1191-4705965-00,74.76,NZD,Credit,2025-06-01T00:00:00.000Z,Booked,,2025-05-31T00:00:00.000Z,1531.06,NZD,Credit,NZD,Cheque Account,Personal,Savings,CurrentAccount
OBA-99-1191-4705965-02,45.05,NZD,Debit,2025-06-08T00:00:00.000Z,Pending,,2025-06-06T00:00:00.000Z,1995.09,NZD,Credit,NZD,Loan Account,Business,Loan,CurrentAccount
OBA-99-1191-4705965-01,32.61,NZD,Debit,2025-06-11T00:00:00.000Z,Booked,,2025-06-07T00:00:00.000Z,2505.25,NZD,Credit,NZD,CreditCard Account,Business,CreditCard,CurrentAccount
OBA-99-1191-4705965-00,1.52,NZD,Debit,2025-06-17T00:00:00.000Z,Booked,,2025-06-16T00:00:00.000Z,1529.54,NZD,Credit,NZD,Cheque Account,Personal,Savings,CurrentAccount
OBA-99-1191-4705965-03,4.48,NZD,Credit,2025-06-18T00:00:00.000Z,Booked,,2025-06-15T00:00:00.000Z,2432.82,NZD,Credit,NZD,Business Account,Business,CurrentAccount,CurrentAccount
OBA-99-1191-4705965-03,33.51,NZD,Credit,2025-06-22T00:00:00.000Z,Booked,,2025-06-21T00:00:00.000Z,2466.33,NZD,Credit,NZD,Business Account,Business,CurrentAccount,CurrentAccount
OBA-99-1191-4705965-00,1.73,NZD,Debit,2025-06-28T00:00:00.000Z,Pending,,2025-06-27T00:00:00.000Z,1527.81,NZD,Credit,NZD,Cheque Account,Personal,Savings,CurrentAccount
OBA-99-1191-4705965-02,99.67,NZD,Credit,2025-07-05T00:00:00.000Z,Pending,,2025-06-30T00:00:00.000Z,2094.76,NZD,Credit,NZD,Loan Account,Business,Loan,CurrentAccount
OBA-99-1191-4705965-01,26.74,NZD,Credit,2025-07-09T00:00:00.000Z,Pending,,2025-07-05T00:00:00.000Z,2531.99,NZD,Credit,NZD,CreditCard Account,Business,CreditCard,CurrentAccount
OBA-99-1191-4705965-01,23.47,NZD,Credit,2025-07-13T00:00:00.000Z,Booked,,2025-07-10T00:00:00.000Z,2555.46,NZD,Credit,NZD,CreditCard Account,Business,CreditCard,CurrentAccount
OBA-99-1191-4705965-01,88.58,NZD,Debit,2025-07-16T00:00:00.000Z,Booked,,2025-07-15T00:00:00.000Z,2466.88,NZD,Credit,NZD,CreditCard Account,Business,CreditCard,CurrentAccount
OBA-99-1191-4705965-02,69.51,NZD,Debit,2025-07-20T00:00:00.000Z,Pending,,2025-07-18T00:00:00.000Z,2025.25,NZD,Credit,NZD,Loan Account,Business,Loan,CurrentAccount
OBA-99-1191-4705965-01,61.72,NZD,Credit,2025-07-22T00:00:00.000Z,Booked,,2025-07-20T00:00:00.000Z,2528.6,NZD,Credit,NZD,CreditCard Account,Business,CreditCard,CurrentAccount
OBA-99-1191-4705965-00,87.21,NZD,Credit,2025-07-27T00:00:00.000Z,Booked,,2025-07-24T00:00:00.000Z,1615.02,NZD,Credit,NZD,Cheque Account,Personal,Savings,CurrentAccount
OBA-99-1191-4705965-02,75.42,NZD,Credit,2025-07-28T00:00:00.000Z,Pending,,2025-07-25T00:00:00.000Z,2100.67,NZD,Credit,NZD,Loan Account,Business,Loan,CurrentAccount
OBA-99-1191-4705965-01,80.44,NZD,Credit,2025-07-29T00:00:00.000Z,Pending,,2025-07-27T00:00:00.000Z,2609.04,NZD,Credit,NZD,CreditCard Account,Business,CreditCard,CurrentAccount
OBA-99-1191-4705965-01,76.92,NZD,Credit,2025-07-30T00:00:00.000Z,Pending,,2025-07-25T00:00:00.000Z,2685.96,NZD,Credit,NZD,CreditCard Account,Business,CreditCard,CurrentAccount
OBA-99-1191-4705965-01,19.25,NZD,Credit,2025-08-06T00:00:00.000Z,Pending,,2025-08-01T00:00:00.000Z,2705.21,NZD,Credit,NZD,CreditCard Account,Business,CreditCard,CurrentAccount
OBA-99-1191-4705965-02,68.63,NZD,Credit,2025-08-07T00:00:00.000Z,Booked,,2025-08-03T00:00:00.000Z,2169.3,NZD,Credit,NZD,Loan Account,Business,Loan,CurrentAccount
OBA-99-1191-4705965-02,50.69,NZD,Credit,2025-08-08T00:00:00.000Z,Booked,,2025-08-03T00:00:00.000Z,2219.99,NZD,Credit,NZD,Loan Account,Business,Loan,CurrentAccount
OBA-99-1191-4705965-03,3.53,NZD,Credit,2025-08-10T00:00:00.000Z,Booked,,2025-08-07T00:00:00.000Z,2469.86,NZD,Credit,NZD,Business Account,Business,CurrentAccount,CurrentAccount
OBA-99-1191-4705965-03,33.87,NZD,Debit,2025-08-17T00:00:00.000Z,Pending,,2025-08-15T00:00:00.000Z,2435.99,NZD,Credit,NZD,Business Account,Business,CurrentAccount,CurrentAccount
OBA-99-1191-4705965-01,5.85,NZD,Credit,2025-08-20T00:00:00.000Z,Booked,,2025-08-16T00:00:00.000Z,2711.06,NZD,Credit,NZD,CreditCard Account,Business,CreditCard,CurrentAccount
OBA-99-1191-4705965-01,77.97,NZD,Debit,2025-08-21T00:00:00.000Z,Pending,,2025-08-18T00:00:00.000Z,2633.09,NZD,Credit,NZD,CreditCard Account,Business,CreditCard,CurrentAccount
OBA-99-1191-4705965-00,9.57,NZD,Debit,2025-08-28T00:00:00.000Z,Pending,,2025-08-27T00:00:00.000Z,1605.45,NZD,Credit,NZD,Cheque Account,Personal,Savings,CurrentAccount
OBA-99-1191-4705965-01,28.6,NZD,Debit,2025-08-31T00:00:00.000Z,Booked,,2025-08-27T00:00:00.000Z,2604.49,NZD,Credit,NZD,CreditCard Account,Business,CreditCard,CurrentAccount
OBA-99-1191-4705965-01,44.33,NZD,Credit,2025-09-02T00:00:00.000Z,Pending,,2025-08-28T00:00:00.000Z,2648.82,NZD,Credit,NZD,CreditCard Account,Business,CreditCard,CurrentAccount
OBA-99-1191-4705965-01,25.21,NZD,Credit,2025-09-07T00:00:00.000Z,Booked,,2025-09-06T00:00:00.000Z,2674.03,NZD,Credit,NZD,CreditCard Account,Business,CreditCard,CurrentAccount
OBA-99-1191-4705965-01,87.39,NZD,Credit,2025-09-08T00:00:00.000Z,Booked,,2025-09-05T00:00:00.000Z,2761.42,NZD,Credit,NZD,CreditCard Account,Business,CreditCard,CurrentAccount
OBA-99-1191-4705965-00,30.91,NZD,Debit,2025-09-10T00:00:00.000Z,Booked,,2025-09-06T00:00:00.000Z,1574.54,NZD,Credit,NZD,Cheque Account,Personal,Savings,CurrentAccount
OBA-99-1191-4705965-03,83.99,NZD,Debit,2025-09-12T00:00:00.000Z,Pending,,2025-09-08T00:00:00.000Z,2352,NZD,Credit,NZD,Business Account,Business,CurrentAccount,CurrentAccount
OBA-99-1191-4705965-02,80.31,NZD,Credit,2025-09-17T00:00:00.000Z,Booked,,2025-09-13T00:00:00.000Z,2300.3,NZD,Credit,NZD,Loan Account,Business,Loan,CurrentAccount
OBA-99-1191-4705965-03,90.15,NZD,Credit,2025-09-18T00:00:00.000Z,Pending,,2025-09-16T00:00:00.000Z,2442.15,NZD,Credit,NZD,Business Account,Business,CurrentAccount,CurrentAccount
OBA-99-1191-4705965-01,85.1,NZD,Credit,2025-09-21T00:00:00.000Z,Booked,,2025-09-20T00:00:00.000Z,2846.52,NZD,Credit,NZD,CreditCard Account,Business,CreditCard,CurrentAccount
OBA-99-1191-4705965-03,93.17,NZD,Credit,2025-09-28T00:00:00.000Z,Pending,,2025-09-23T00:00:00.000Z,2535.32,NZD,Credit,NZD,Business Account,Business,CurrentAccount,CurrentAccount
OBA-99-1191-4705965-02,85.89,NZD,Credit,2025-10-01T00:00:00.000Z,Pending,,2025-09-27T00:00:00.000Z,2386.19,NZD,Credit,NZD,Loan Account,Business,Loan,CurrentAccount
OBA-99-1191-4705965-02,94.2,NZD,Credit,2025-10-08T00:00:00.000Z,Pending,,2025-10-05T00:00:00.000Z,2480.39,NZD,Credit,NZD,Loan Account,Business,Loan,CurrentAccount
OBA-99-1191-4705965-03,31.16,NZD,Debit,2025-10-14T00:00:00.000Z,Pending,,2025-10-11T00:00:00.000Z,2504.16,NZD,Credit,NZD,Business Account,Business,CurrentAccount,CurrentAccount
OBA-99-1191-4705965-02,13.39,NZD,Credit,2025-10-19T00:00:00.000Z,Booked,,2025-10-18T00:00:00.000Z,2493.78,NZD,Credit,NZD,Loan Account,Business,Loan,CurrentAccount
OBA-99-1191-4705965-01,11.33,NZD,Debit,2025-10-26T00:00:00.000Z,Pending,,2025-10-22T00:00:00.000Z,2835.19,NZD,Credit,NZD,CreditCard Account,Business,CreditCard,CurrentAccount
OBA-99-1191-4705965-03,23.94,NZD,Debit,2025-10-28T00:00:00.000Z,Pending,,2025-10-27T00:00:00.000Z,2480.22,NZD,Credit,NZD,Business Account,Business,CurrentAccount,CurrentAccount
OBA-99-1191-4705965-00,45.19,NZD,Credit,2025-11-04T00:00:00.000Z,Booked,,2025-10-30T00:00:00.000Z,1619.73,NZD,Credit,NZD,Cheque Account,Personal,Savings,CurrentAccount
OBA-99-1191-4705965-01,60.55,NZD,Credit,2025-11-08T00:00:00.000Z,Pending,,2025-11-04T00:00:00.000Z,2895.74,NZD,Credit,NZD,CreditCard Account,Business,CreditCard,CurrentAccount
OBA-99-1191-4705965-00,5.78,NZD,Debit,2025-11-10T00:00:00.000Z,Pending,,2025-11-08T00:00:00.000Z,1613.95,NZD,Credit,NZD,Cheque Account,Personal,Savings,CurrentAccount
OBA-99-1191-4705965-02,88.66,NZD,Credit,2025-11-17T00:00:00.000Z,Pending,,2025-11-12T00:00:00.000Z,2582.44,NZD,Credit,NZD,Loan Account,Business,Loan,CurrentAccount
OBA-99-1191-4705965-02,73.05,NZD,Debit,2025-11-24T00:00:00.000Z,Booked,,2025-11-20T00:00:00.000Z,2509.39,NZD,Credit,NZD,Loan Account,Business,Loan,CurrentAccount
OBA-99-1191-4705965-03,92.74,NZD,Credit,2025-12-01T00:00:00.000Z,Booked,,2025-11-26T00:00:00.000Z,2572.96,NZD,Credit,NZD,Business Account,Business,CurrentAccount,CurrentAccount
OBA-99-1191-4705965-01,35.1,NZD,Debit,2025-12-08T00:00:00.000Z,Booked,,2025-12-05T00:00:00.000Z,2860.64,NZD,Credit,NZD,CreditCard Account,Business,CreditCard,CurrentAccount
OBA-99-1191-4705965-02,47.16,NZD,Debit,2025-12-09T00:00:00.000Z,Booked,,2025-12-07T00:00:00.000Z,2462.23,NZD,Credit,NZD,Loan Account,Business,Loan,CurrentAccount
OBA-99-1191-4705965-01,98.45,NZD,Debit,2025-12-16T00:00:00.000Z,Booked,,2025-12-12T00:00:00.000Z,2762.19,NZD,Credit,NZD,CreditCard Account,Business,CreditCard,CurrentAccount
OBA-99-1191-4705965-03,89.81,NZD,Credit,2025-12-20T00:00:00.000Z,Booked,,2025-12-18T00:00:00.000Z,2662.77,NZD,Credit,NZD,Business Account,Business,CurrentAccount,CurrentAccount
OBA-99-1191-4705965-01,1.94,NZD,Credit,2025-12-21T00:00:00.000Z,Pending,,2025-12-18T00:00:00.000Z,2764.13,NZD,Credit,NZD,CreditCard Account,Business,CreditCard,CurrentAccount
OBA-99-1191-4705965-00,55.38,NZD,Credit,2025-12-22T00:00:00.000Z,Booked,,2025-12-17T00:00:00.000Z,1669.33,NZD,Credit,NZD,Cheque Account,Personal,Savings,CurrentAccount
OBA-99-1191-4705965-01,47.39,NZD,Debit,2025-12-26T00:00:00.000Z,Booked,,2025-12-23T00:00:00.000Z,2716.74,NZD,Credit,NZD,CreditCard Account,Business,CreditCard,CurrentAccount
OBA-99-1191-4705965-02,44.49,NZD,Credit,2026-01-01T00:00:00.000Z,Pending,,2025-12-31T00:00:00.000Z,2506.72,NZD,Credit,NZD,Loan Account,Business,Loan,CurrentAccount
OBA-99-1191-4705965-00,92.45,NZD,Credit,2026-01-08T00:00:00.000Z,Booked,,2026-01-06T00:00:00.000Z,1761.78,NZD,Credit,NZD,Cheque Account,Personal,Savings,CurrentAccount
OBA-99-1191-4705965-03,80.1,NZD,Debit,2026-01-09T00:00:00.000Z,Pending,,2026-01-06T00:00:00.000Z,2582.67,NZD,Credit,NZD,Business Account,Business,CurrentAccount,CurrentAccount
OBA-99-1191-4705965-00,34.92,NZD,Debit,2026-01-14T00:00:00.000Z,Pending,,2026-01-11T00:00:00.000Z,1726.86,NZD,Credit,NZD,Cheque Account,Personal,Savings,CurrentAccount
OBA-99-1191-4705965-01,15.96,NZD,Debit,2026-01-15T00:00:00.000Z,Pending,,2026-01-12T00:00:00.000Z,2700.78,NZD,Credit,NZD,CreditCard Account,Business,CreditCard,CurrentAccount
OBA-99-1191-4705965-02,12.95,NZD,Debit,2026-01-16T00:00:00.000Z,Pending,,2026-01-13T00:00:00.000Z,2493.77,NZD,Credit,NZD,Loan Account,Business,Loan,CurrentAccount
OBA-99-1191-4705965-02,64.49,NZD,Credit,2026-01-21T00:00:00.000Z,Booked,,2026-01-17T00:00:00.000Z,2558.26,NZD,Credit,NZD,Loan Account,Business,Loan,CurrentAccount
OBA-99-1191-4705965-00,88.63,NZD,Debit,2026-01-24T00:00:00.000Z,Pending,,2026-01-21T00:00:00.000Z,1638.23,NZD,Credit,NZD,Cheque Account,Personal,Savings,CurrentAccount
OBA-99-1191-4705965-02,64.07,NZD,Credit,2026-01-31T00:00:00.000Z,Pending,,2026-01-30T00:00:00.000Z,2622.33,NZD,Credit,NZD,Loan Account,Business,Loan,CurrentAccount
OBA-99-1191-4705965-01,41.8,NZD,Credit,2026-02-02T00:00:00.000Z,Pending,,2026-01-28T00:00:00.000Z,2742.58,NZD,Credit,NZD,CreditCard Account,Business,CreditCard,CurrentAccount
OBA-99-1191-4705965-00,84.77,NZD,Credit,2026-02-03T00:00:00.000Z,Booked,,2026-02-01T00:00:00.000Z,1723,NZD,Credit,NZD,Cheque Account,Personal,Savings,CurrentAccount
OBA-99-1191-4705965-01,33.28,NZD,Credit,2026-02-08T00:00:00.000Z,Pending,,2026-02-06T00:00:00.000Z,2775.86,NZD,Credit,NZD,CreditCard Account,Business,CreditCard,CurrentAccount
OBA-99-1191-4705965-00,73,NZD,Credit,2026-02-09T00:00:00.000Z,Booked,,2026-02-04T00:00:00.000Z,1796,NZD,Credit,NZD,Cheque Account,Personal,Savings,CurrentAccount
OBA-99-1191-4705965-00,89.13,NZD,Debit,2026-02-11T00:00:00.000Z,Pending,,2026-02-06T00:00:00.000Z,1706.87,NZD,Credit,NZD,Cheque Account,Personal,Savings,CurrentAccount
OBA-99-1191-4705965-02,13.14,NZD,Credit,2026-02-14T00:00:00.000Z,Booked,,2026-02-11T00:00:00.000Z,2635.47,NZD,Credit,NZD,Loan Account,Business,Loan,CurrentAccount
OBA-99-1191-4705965-03,83.56,NZD,Debit,2026-02-17T00:00:00.000Z,Pending,,2026-02-12T00:00:00.000Z,2499.11,NZD,Credit,NZD,Business Account,Business,CurrentAccount,CurrentAccount
OBA-99-1191-4705965-03,90.11,NZD,Credit,2026-02-22T00:00:00.000Z,Booked,,2026-02-21T00:00:00.000Z,2589.22,NZD,Credit,NZD,Business Account,Business,CurrentAccount,CurrentAccount
OBA-99-1191-4705965-00,55.89,NZD,Debit,2026-02-26T00:00:00.000Z,Booked,,2026-02-21T00:00:00.000Z,1650.98,NZD,Credit,NZD,Cheque Account,Personal,Savings,CurrentAccount
OBA-99-1191-4705965-00,70.35,NZD,Credit,2026-03-02T00:00:00.000Z,Pending,,2026-02-28T00:00:00.000Z,1721.33,NZD,Credit,NZD,Cheque Account,Personal,Savings,CurrentAccount
OBA-99-1191-4705965-02,66.13,NZD,Credit,2026-03-09T00:00:00.000Z,Booked,,2026-03-08T00:00:00.000Z,2701.6,NZD,Credit,NZD,Loan Account,Business,Loan,CurrentAccount
OBA-99-1191-4705965-03,76.27,NZD,Credit,2026-03-11T00:00:00.000Z,Booked,,2026-03-08T00:00:00.000Z,2665.49,NZD,Credit,NZD,Business Account,Business,CurrentAccount,CurrentAccount
OBA-99-1191-4705965-00,74.73,NZD,Credit,2026-03-12T00:00:00.000Z,Booked,,2026-03-10T00:00:00.000Z,1796.06,NZD,Credit,NZD,Cheque Account,Personal,Savings,CurrentAccount
OBA-99-1191-4705965-02,43.04,NZD,Credit,2026-03-17T00:00:00.000Z,Booked,,2026-03-14T00:00:00.000Z,2744.64,NZD,Credit,NZD,Loan Account,Business,Loan,CurrentAccount
OBA-99-1191-4705965-01,61.71,NZD,Debit,2026-03-18T00:00:00.000Z,Booked,,2026-03-13T00:00:00.000Z,2714.15,NZD,Credit,NZD,CreditCard Account,Business,CreditCard,CurrentAccount
OBA-99-1191-4705965-01,34.74,NZD,Credit,2026-03-23T00:00:00.000Z,Booked,,2026-03-19T00:00:00.000Z,2748.89,NZD,Credit,NZD,CreditCard Account,Business,CreditCard,CurrentAccount
OBA-99-1191-4705965-01,93.25,NZD,Credit,2026-03-24T00:00:00.000Z,Pending,,2026-03-20T00:00:00.000Z,2842.14,NZD,Credit,NZD,CreditCard Account,Business,CreditCard,CurrentAccount
OBA-99-1191-4705965-01,1.6,NZD,Debit,2026-03-30T00:00:00.000Z,Booked,,2026-03-25T00:00:00.000Z,2840.54,NZD,Credit,NZD,CreditCard Account,Business,CreditCard,CurrentAccount
OBA-99-1191-4705965-02,40.49,NZD,Debit,2026-04-04T00:00:00.000Z,Booked,,2026-04-03T00:00:00.000Z,2704.15,NZD,Credit,NZD,Loan Account,Business,Loan,CurrentAccount
OBA-99-1191-4705965-03,55.07,NZD,Debit,2026-04-11T00:00:00.000Z,Booked,,2026-04-09T00:00:00.000Z,2610.42,NZD,Credit,NZD,Business Account,Business,CurrentAccount,CurrentAccount
OBA-99-1191-4705965-03,91.16,NZD,Credit,2026-04-14T00:00:00.000Z,Booked,,2026-04-12T00:00:00.000Z,2701.58,NZD,Credit,NZD,Business Account,Business,CurrentAccount,CurrentAccount
OBA-99-1191-4705965-03,2.05,NZD,Debit,2026-04-15T00:00:00.000Z,Booked,,2026-04-12T00:00:00.000Z,2699.53,NZD,Credit,NZD,Business Account,Business,CurrentAccount,CurrentAccount
OBA-99-1191-4705965-00,71.96,NZD,Debit,2026-04-17T00:00:00.000Z,Booked,,2026-04-14T00:00:00.000Z,1724.1,NZD,Credit,NZD,Cheque Account,Personal,Savings,CurrentAccount
OBA-99-1191-4705965-01,99.14,NZD,Debit,2026-04-20T00:00:00.000Z,Pending,,2026-04-17T00:00:00.000Z,2741.4,NZD,Credit,NZD,CreditCard Account,Business,CreditCard,CurrentAccount
OBA-99-1191-4705965-01,9.9,NZD,Credit,2026-04-24T00:00:00.000Z,Booked,,2026-04-20T00:00:00.000Z,2751.3,NZD,Credit,NZD,CreditCard Account,Business,CreditCard,CurrentAccount
OBA-99-1191-4705965-03,25.58,NZD,Credit,2026-04-28T00:00:00.000Z,Booked,,2026-04-23T00:00:00.000Z,2725.11,NZD,Credit,NZD,Business Account,Business,CurrentAccount,CurrentAccount
OBA-99-1191-4705965-00,52.79,NZD,Debit,2026-04-30T00:00:00.000Z,Pending,,2026-04-26T00:00:00.000Z,1671.31,NZD,Credit,NZD,Cheque Account,Personal,Savings,CurrentAccount
OBA-99-1191-4705965-02,77.53,NZD,Credit,2026-05-04T00:00:00.000Z,Booked,,2026-05-02T00:00:00.000Z,2781.68,NZD,Credit,NZD,Loan Account,Business,Loan,CurrentAccount
OBA-99-1191-4705965-00,13.17,NZD,Debit,2026-05-08T00:00:00.000Z,Booked,,2026-05-03T00:00:00.000Z,1658.14,NZD,Credit,NZD,Cheque Account,Personal,Savings,CurrentAccount
OBA-99-1191-4705965-01,50.47,NZD,Credit,2026-05-13T00:00:00.000Z,Pending,,2026-05-08T00:00:00.000Z,2801.77,NZD,Credit,NZD,CreditCard Account,Business,CreditCard,CurrentAccount
OBA-99-1191-4705965-01,16.82,NZD,Debit,2026-05-20T00:00:00.000Z,Booked,,2026-05-16T00:00:00.000Z,2784.95,NZD,Credit,NZD,CreditCard Account,Business,CreditCard,CurrentAccount
OBA-99-1191-4705965-01,76.37,NZD,Debit,2026-05-25T00:00:00.000Z,Pending,,2026-05-21T00:00:00.000Z,2708.58,NZD,Credit,NZD,CreditCard Account,Business,CreditCard,CurrentAccount
OBA-99-1191-4705965-02,24.38,NZD,Debit,2026-05-26T00:00:00.000Z,Booked,,2026-05-24T00:00:00.000Z,2757.3,NZD,Credit,NZD,Loan Account,Business,Loan,CurrentAccount
OBA-99-1191-4705965-00,48.19,NZD,Debit,2026-05-29T00:00:00.000Z,Booked,,2026-05-27T00:00:00.000Z,1609.95,NZD,Credit,NZD,Cheque Account,Personal,Savings,CurrentAccount
OBA-99-1191-4705965-02,56.39,NZD,Debit,2026-06-03T00:00:00.000Z,Booked,,2026-05-29T00:00:00.000Z,2700.91,NZD,Credit,NZD,Loan Account,Business,Loan,CurrentAccount
OBA-99-1191-4705965-03,56.49,NZD,Credit,2026-06-07T00:00:00.000Z,Pending,,2026-06-04T00:00:00.000Z,2781.6,NZD,Credit,NZD,Business Account,Business,CurrentAccount,CurrentAccount
OBA-99-1191-4705965-03,3.2,NZD,Credit,2026-06-12T00:00:00.000Z,Booked,,2026-06-08T00:00:00.000Z,2784.8,NZD,Credit,NZD,Business Account,Business,CurrentAccount,CurrentAccount
OBA-99-1191-4705965-03,85.6,NZD,Debit,2026-06-17T00:00:00.000Z,Pending,,2026-06-13T00:00:00.000Z,2699.2,NZD,Credit,NZD,Business Account,Business,CurrentAccount,CurrentAccount
OBA-99-1191-4705965-00,61.88,NZD,Debit,2026-06-21T00:00:00.000Z,Pending,,2026-06-19T00:00:00.000Z,1548.07,NZD,Credit,NZD,Cheque Account,Personal,Savings,CurrentAccount
OBA-99-1191-4705965-02,56.78,NZD,Debit,2026-06-27T00:00:00.000Z,Booked,,2026-06-24T00:00:00.000Z,2644.13,NZD,Credit,NZD,Loan Account,Business,Loan,CurrentAccount
OBA-99-1191-4705965-01,45.67,NZD,Debit,2026-06-29T00:00:00.000Z,Pending,,2026-06-28T00:00:00.000Z,2662.91,NZD,Credit,NZD,CreditCard Account,Business,CreditCard,CurrentAccount
OBA-99-1191-4705965-03,28.54,NZD,Credit,2026-07-02T00:00:00.000Z,Booked,,2026-07-01T00:00:00.000Z,2727.74,NZD,Credit,NZD,Business Account,Business,CurrentAccount,CurrentAccount
OBA-99-1191-4705965-02,6.09,NZD,Credit,2026-07-04T00:00:00.000Z,Pending,,2026-07-03T00:00:00.000Z,2650.22,NZD,Credit,NZD,Loan Account,Business,Loan,CurrentAccount
OBA-99-1191-4705965-02,4.07,NZD,Debit,2026-07-07T00:00:00.000Z,Pending,,2026-07-02T00:00:00.000Z,2646.15,NZD,Credit,NZD,Loan Account,Business,Loan,CurrentAccount
OBA-99-1191-4705965-02,18.97,NZD,Debit,2026-07-12T00:00:00.000Z,Pending,,2026-07-08T00:00:00.000Z,2627.18,NZD,Credit,NZD,Loan Account,Business,Loan,CurrentAccount